{
  "version": "1.1.18",
  "focal_length": 779.3067821087169,
  "baseline": 0.06052709063361153,
  "dilate_ks": 2,
  "use_shmmsgs": true,
  "canny_set": {
    "edge_min": 20,
    "edge_max": 50
  },
  "camL": {
    "fx": 1013.7924593198223,
    "fy": 1013.7949864075088,
    "cx": 961.249598700293,
    "cy": 766.1810365289917,
    "distortion_coeffs": [
      0.863729924575398,
      0.10699173204796032,
      5.537411456779021e-05,
      -8.253903829899622e-05,
      -0.0003374602918416484,
      1.2559482807072655,
      0.3474959482680864,
      0.008836525623097766,
      0.0,
      0.0,
      0.0,
      0.0,
      0.0,
      0.0
    ]
  },
  "camR": {
    "fx": 1010.4583719726245,
    "fy": 1010.4044594818645,
    "cx": 973.3689224968172,
    "cy": 770.6502397638744,
    "distortion_coeffs": [
      0.7594794245102413,
      0.07142321206875134,
      8.910492962719738e-05,
      0.0001448932805266845,
      -0.0008892074337644053,
      1.1520407903858798,
      0.27138241978947913,
      0.002813507248762628,
      0.0,
      0.0,
      0.0,
      0.0,
      0.0,
      0.0
    ]
  },
  "RT": [
    [
      0.9999505141685995,
      0.007735433840553358,
      -0.006255579689528892,
      -0.06052709063361153
    ],
    [
      -0.007724761721883239,
      0.9999686698847826,
      0.0017283822490370335,
      0.000839994214692862
    ],
    [
      0.006268753488035077,
      -0.0016799738560706091,
      0.9999789399870125,
      -0.00048662301618338855
    ],
    [
      0.0,
      0.0,
      0.0,
      1.0
    ]
  ],
  "alpha_stereo_rectify": 0.0,
  "publish_params": {
    "fx": 779.3067821087169,
    "fy": 779.3067821087169,
    "cx": 980.5842895507812,
    "cy": 778.5913696289062
  },
  "stereo_rms": 0.19899675203819317,
  "stereo_calibration_time": "2026-01-12 20:24:31.010"
}