{
    "fx":433.336785, 
    "fy":433.336785,
    "cx":639.5,
    "cy":359.5,
    "stereo_baseline":0.06,
    "box_size":[0.6,0.4,0.22],
    "box_size_offset":[-0.02, -0.02, 0.0], 
    "tgt_cam": {
        "fx": 433.336785,
        "fy": 433.336785,
        "cx": 639.5,
        "cy": 359.5,
        "h": 720,
        "w": 1280
    }
}

